{"dataset":{"0":{"kept":true,"isDisposedInternal":false,"shape":[1,256],"dtype":"float32","size":256,"strides":[256],"dataId":{},"id":663,"rankType":"2","scopeId":122,"label":"No Humeral Head AVN"}},"tensors":[{"0":0.0018039478454738855,"1":0.04213492199778557,"2":0.024654997512698174,"3":0.08858606219291687,"4":0.03746462240815163,"5":0.047125063836574554,"6":0.012549779377877712,"7":0.09282222390174866,"8":0.0028898792807012796,"9":0.15651898086071014,"10":0.0021089715883135796,"11":0.02607130818068981,"12":0.1456814855337143,"13":0.002523906994611025,"14":0.07760430127382278,"15":0,"16":0.012347590178251266,"17":0.004677804186940193,"18":0.014731216244399548,"19":0.023852255195379257,"20":0.13398396968841553,"21":0,"22":0.01875583454966545,"23":0.0007898689364083111,"24":0.024472422897815704,"25":0.007298192009329796,"26":0.0336720235645771,"27":0.037841930985450745,"28":0,"29":0,"30":0.07448412477970123,"31":0.00870923325419426,"32":0.08010345697402954,"33":0.009441496804356575,"34":0.010282458737492561,"35":0.12043719738721848,"36":0.04575850069522858,"37":0.019397342577576637,"38":0.008996219374239445,"39":0.002521494636312127,"40":0.032530080527067184,"41":0.018871327862143517,"42":0.12977978587150574,"43":0.18897904455661774,"44":0.001339785405434668,"45":0.020461708307266235,"46":0.01581660471856594,"47":0.011956431902945042,"48":0,"49":0,"50":0.019951634109020233,"51":0.04032456502318382,"52":0.0010978180216625333,"53":0.00041221632272936404,"54":0.060449354350566864,"55":0.06308478862047195,"56":0.055045679211616516,"57":0.086537204682827,"58":0.04491147771477699,"59":0.001079700654372573,"60":0.06292323768138885,"61":0.017986716702580452,"62":0.07281165570020676,"63":0.043981295078992844,"64":0.013976025395095348,"65":0.0231074970215559,"66":0.050788432359695435,"67":0.018137266859412193,"68":0.015425235964357853,"69":0.014366107992827892,"70":0.003017956856638193,"71":0.0012797170784324408,"72":0,"73":0.033841412514448166,"74":0.050263747572898865,"75":0.005642919335514307,"76":0.03611736744642258,"77":0.022648444399237633,"78":0.20062601566314697,"79":0.12609678506851196,"80":0,"81":0.02740406058728695,"82":0.06400427967309952,"83":0,"84":0.17041592299938202,"85":0.00819519441574812,"86":0.010972404852509499,"87":0.01667359098792076,"88":0.0026832602452486753,"89":0.13150779902935028,"90":0.04723594710230827,"91":0.03516338765621185,"92":0.02358853816986084,"93":0,"94":0.001768300193361938,"95":0.018679415807127953,"96":0.017072200775146484,"97":0.0030908319167792797,"98":0.0009310736786574125,"99":0.00047387852100655437,"100":0.047459498047828674,"101":0.013603542931377888,"102":0.0012113519478589296,"103":0.051202207803726196,"104":0,"105":0.07249900698661804,"106":0.03350803628563881,"107":0.02723301574587822,"108":0.026992613449692726,"109":0.04563527926802635,"110":0,"111":0.012502937577664852,"112":0.020857689902186394,"113":0.005845631007105112,"114":0.002256860490888357,"115":0.0008657440193928778,"116":0.0008076524827629328,"117":0.0011639132862910628,"118":0.0005351054132916033,"119":0.07616859674453735,"120":0.01765245385468006,"121":0.09693193435668945,"122":0,"123":0.04586992412805557,"124":0.0014941997360438108,"125":0.2714582085609436,"126":0.005640411749482155,"127":0.03164628520607948,"128":0.17575804889202118,"129":0.0708267018198967,"130":0.02487300895154476,"131":0.025112979114055634,"132":0.07237813621759415,"133":0,"134":0.1179809719324112,"135":0.002178180729970336,"136":0,"137":0.01771942339837551,"138":0.040644705295562744,"139":0.0036151991225779057,"140":0.015415663830935955,"141":0.02465284988284111,"142":0.024811306968331337,"143":0.1224931851029396,"144":0.0622049979865551,"145":0.051862314343452454,"146":0.12691549956798553,"147":0.018049515783786774,"148":0.0893833339214325,"149":0.009347180835902691,"150":0.03169848769903183,"151":0.013970766216516495,"152":0.009442324750125408,"153":0.07349346578121185,"154":0.17017441987991333,"155":0.07853352278470993,"156":0.11063916236162186,"157":0.002464305842295289,"158":0.01479046605527401,"159":0.15154998004436493,"160":0.0013003383064642549,"161":0.06237402185797691,"162":0.01512074563652277,"163":0.006537538953125477,"164":0.030794590711593628,"165":0.003076587338000536,"166":0,"167":0.03440728783607483,"168":0.027265654876828194,"169":0.10410551726818085,"170":0.020259886980056763,"171":0.004922506399452686,"172":0.06548447906970978,"173":0.0042219641618430614,"174":0.15100832283496857,"175":0.001343134674243629,"176":0.12372802197933197,"177":0.0023271176032721996,"178":0.019378576427698135,"179":0.011987327598035336,"180":0.016979068517684937,"181":0.0024005891755223274,"182":0.020956140011548996,"183":0.00037511211121454835,"184":0.05659598112106323,"185":0.04567987471818924,"186":0.11795370280742645,"187":0.11831731349229813,"188":0.03935263678431511,"189":0.037571996450424194,"190":0.007136930245906115,"191":0.158932164311409,"192":0.061356380581855774,"193":0.02011612243950367,"194":0.027102895081043243,"195":0.020798083394765854,"196":0.1345294713973999,"197":0.01210061926394701,"198":0,"199":0.0059059495106339455,"200":0.033954668790102005,"201":0.06208799406886101,"202":0.0067608412355184555,"203":0.11156328022480011,"204":0.007728580851107836,"205":0.05063064768910408,"206":0.09570030868053436,"207":0.040302421897649765,"208":0.003403580514714122,"209":0.04028725251555443,"210":0.0015868953196331859,"211":0.0016434959834441543,"212":0.010126855224370956,"213":0.0006684919353574514,"214":0,"215":0.010295986197888851,"216":0.07853271067142487,"217":0.11854228377342224,"218":0.0006603143410757184,"219":0.00419846223667264,"220":0.11245223134756088,"221":0.05117642134428024,"222":0.005494097713381052,"223":0.11957941204309464,"224":0.004476912785321474,"225":0.0615839883685112,"226":0.024564094841480255,"227":0.15373550355434418,"228":0.1812886893749237,"229":0.021875053644180298,"230":0.01791078969836235,"231":0.03337720409035683,"232":0.0352538600564003,"233":0,"234":0.022288568317890167,"235":0.18441952764987946,"236":0.06421981006860733,"237":0.03889017552137375,"238":0.0027243630029261112,"239":0.007129129953682423,"240":0.010028079152107239,"241":0.004013686906546354,"242":0.009316772222518921,"243":0.006403074599802494,"244":0.10197371244430542,"245":0.009574704803526402,"246":0.06585817784070969,"247":0.013199325650930405,"248":0,"249":0.02125667780637741,"250":0.010028954595327377,"251":0.026207439601421356,"252":0.08492621779441833,"253":0.004752793814986944,"254":0.11312557756900787,"255":0.03213430196046829}]}