{"dataset":{"0":{"kept":true,"isDisposedInternal":false,"shape":[1,256],"dtype":"float32","size":256,"strides":[256],"dataId":{},"id":663,"rankType":"2","scopeId":122,"label":"No calcaneal stress fracture"}},"tensors":[{"0":0,"1":0.034951675683259964,"2":0.0036277405451983213,"3":0.02008415386080742,"4":0.03689767047762871,"5":0.05355449020862579,"6":0.0038151477929204702,"7":0.09704441577196121,"8":0.009760487824678421,"9":0.071248859167099,"10":0.008232563734054565,"11":0.06343063712120056,"12":0.13922320306301117,"13":0.022562602534890175,"14":0.10884474962949753,"15":0.006900982931256294,"16":0.002191928680986166,"17":0.011300981976091862,"18":0.021083218976855278,"19":0.027498608455061913,"20":0.06738491356372833,"21":0.020240405574440956,"22":0.11636389791965485,"23":0.025619037449359894,"24":0.054665401577949524,"25":0.005154743790626526,"26":0.03803252801299095,"27":0.10203754156827927,"28":0.0007572149042971432,"29":0.006821779999881983,"30":0.09499453753232956,"31":0.02084367536008358,"32":0.10574492812156677,"33":0,"34":0.0007980887312442064,"35":0.21088460087776184,"36":0.04543764889240265,"37":0.003476712154224515,"38":0.013334045186638832,"39":0.0008764862432144582,"40":0.05019807443022728,"41":0.02329423651099205,"42":0.03733989968895912,"43":0.06708434224128723,"44":0.0037707830779254436,"45":0.034926339983940125,"46":0.008567369543015957,"47":0.1205592155456543,"48":0,"49":0.0005972122307866812,"50":0.01146774273365736,"51":0.08577772229909897,"52":0.04706684499979019,"53":0.006985677406191826,"54":0.030691679567098618,"55":0.040952347218990326,"56":0.09189150482416153,"57":0.007448642980307341,"58":0.07146231085062027,"59":0.0011428381549194455,"60":0.06080460175871849,"61":0.019398927688598633,"62":0.03818250447511673,"63":0.034631840884685516,"64":0.004252439830452204,"65":0.034326475113630295,"66":0.013161785900592804,"67":0.041897788643836975,"68":0.07575911283493042,"69":0.0018267862033098936,"70":0,"71":0.004510101396590471,"72":0.016884785145521164,"73":0.017373422160744667,"74":0.062032550573349,"75":0.06113366037607193,"76":0.10114528238773346,"77":0.016007710248231888,"78":0.15713346004486084,"79":0.04431505501270294,"80":0.001644735923036933,"81":0.09785163402557373,"82":0.06761009246110916,"83":0.006153392605483532,"84":0.10094338655471802,"85":0.013765349984169006,"86":0.024132296442985535,"87":0.09457462280988693,"88":0.1025250107049942,"89":0.04512281343340874,"90":0.14424356818199158,"91":0.0521419383585453,"92":0.005051526706665754,"93":0,"94":0.004426696803420782,"95":0.04556553065776825,"96":0.070070780813694,"97":0.024470265954732895,"98":0.0018167395610362291,"99":0.02081732265651226,"100":0.08046136796474457,"101":0.037278834730386734,"102":0.01731673628091812,"103":0.06926312297582626,"104":0.0043445914052426815,"105":0.11058924347162247,"106":0.040435969829559326,"107":0.03333112224936485,"108":0.04423580691218376,"109":0.06500363349914551,"110":0.022045942023396492,"111":0.016428116708993912,"112":0.007592898327857256,"113":0.04945221543312073,"114":0.0033135025296360254,"115":0.025831181555986404,"116":0,"117":0.029055647552013397,"118":0.0027676147874444723,"119":0.048475831747055054,"120":0.017961323261260986,"121":0.06913214176893234,"122":0.008872365579009056,"123":0.005921251140534878,"124":0.03524239361286163,"125":0.16778555512428284,"126":0.006025936454534531,"127":0.0920901969075203,"128":0.11976993083953857,"129":0.11625129729509354,"130":0.0692783072590828,"131":0.07182095944881439,"132":0.03341108188033104,"133":0,"134":0.05508766695857048,"135":0.0014082840643823147,"136":0.007217873819172382,"137":0,"138":0.07197542488574982,"139":0.1815870851278305,"140":0.13524585962295532,"141":0.026351511478424072,"142":0.08401713520288467,"143":0.06918023526668549,"144":0.04124904051423073,"145":0.032506901770830154,"146":0.05651164799928665,"147":0.08695130050182343,"148":0.07916255295276642,"149":0,"150":0.08913007378578186,"151":0.04147231951355934,"152":0.010094250552356243,"153":0.04530511796474457,"154":0.21637140214443207,"155":0.0619269460439682,"156":0.10695834457874298,"157":0.009932421147823334,"158":0.036990683525800705,"159":0.12364722788333893,"160":0.02869432605803013,"161":0.06290429830551147,"162":0.024681372568011284,"163":0.007286120671778917,"164":0.062079623341560364,"165":0.0011272712145000696,"166":0.006064697168767452,"167":0.09248516708612442,"168":0.012858675792813301,"169":0.003829242428764701,"170":0.014432706870138645,"171":0.0721069723367691,"172":0.06545257568359375,"173":0.015454350039362907,"174":0.08352793753147125,"175":0.005229307804256678,"176":0.11326905339956284,"177":0.002188238315284252,"178":0.042355671525001526,"179":0.0010668018367141485,"180":0.05330432578921318,"181":0.02473374269902706,"182":0.04940805584192276,"183":0.03160419687628746,"184":0.03146858885884285,"185":0.01464110892266035,"186":0.05658966675400734,"187":0.03621503338217735,"188":0.08515451848506927,"189":0.028993213549256325,"190":0.006523757241666317,"191":0.13022157549858093,"192":0.027122197672724724,"193":0.02678322233259678,"194":0.08356339484453201,"195":0.08551721274852753,"196":0.02045011892914772,"197":0.06517788767814636,"198":0.015768511220812798,"199":0.00018326067947782576,"200":0.003337946953251958,"201":0.004600733984261751,"202":0.04777975380420685,"203":0.11115817725658417,"204":0.017101092264056206,"205":0.04543547332286835,"206":0.07631239295005798,"207":0.0656556487083435,"208":0,"209":0.10540799051523209,"210":0.0048460764810442924,"211":0.01576671190559864,"212":0.05639450624585152,"213":0.019150564447045326,"214":0.016139954328536987,"215":0.03674492985010147,"216":0.047681305557489395,"217":0.17537365853786469,"218":0.01396245788782835,"219":0.02983703278005123,"220":0.13065168261528015,"221":0.06037619709968567,"222":0.047267746180295944,"223":0.14789782464504242,"224":0.1035151332616806,"225":0.0762731283903122,"226":0.04855573922395706,"227":0.039329223334789276,"228":0.12174509465694427,"229":0.024795647710561752,"230":0.024488836526870728,"231":0.03654522821307182,"232":0.08436919003725052,"233":0.013989315368235111,"234":0.006582298781722784,"235":0.08112084120512009,"236":0.08278916776180267,"237":0.01266435906291008,"238":0.06081446632742882,"239":0.005608879495412111,"240":0.0033131043892353773,"241":0.0005989755154587328,"242":0.007928844541311264,"243":0.008793883956968784,"244":0.09959178417921066,"245":0.008645592257380486,"246":0.05891701206564903,"247":0.02594652585685253,"248":0.037773001939058304,"249":0.04824775829911232,"250":0.13917513191699982,"251":0.0294857919216156,"252":0.031130870804190636,"253":0.019831402227282524,"254":0.08653418719768524,"255":0.06939273327589035}]}